plant_name,final_confidence,final_source,final_lat,final_lon,primaerenergieart,cleaned_name,place_tokens,aggregation,opsd_match,opsd_score,opsd_energy_match,opsd_matched_name,opsd_lat,opsd_lon,opsd_class,psa_match,psa_score,psa_energy_match,psa_matched_name,psa_lat,psa_lon,psa_class,psa_capacity,psa_n_candidates,wiki_match,wiki_title,wiki_lat,wiki_lon,wiki_url,wiki_reason,ddg_match,ddg_title,ddg_lat,ddg_lon,ddg_url,ddg_reason,gaz_match,gaz_place,gaz_state,gaz_lat,gaz_lon,state_match,state_name,state_direction,state_lat,state_lon,n_events,sources
10YDE-RWENET---I,0.0,skipped_grid_area_market,,,Sonstiges,10yde rwenet,10yde rwenet,grid_area,none,,,,,,,none,,,,,,,,0.0,none,,,,,,none,,,,,,none,,,,,none,,,,,71.0,2025-09-17 Redispatch Export 2013-2020.csv
50H BASF Schwarzheide,1.0,opsd_exact,51.47617,13.8891,Konventionell,schwarzheide,schwarzheide,single,exact,1.0,1.0,GuD Schwarzheide,51.47617,13.8891,konventionell,exact,1.0,1.0,Schwarzheide,51.478138,13.889436,konventionell,129.295,1.0,none,,,,,,none,,,,,,none,,,,,none,,,,,15.0,Redispatch_Daten(1).csv
50H Bad Salzungen HKW,1.0,opsd_exact,50.800266,10.220563,Konventionell,bad salzungen,bad salzungen,single,exact,1.0,1.0,HKW Bad Salzungen,50.800266,10.220563,konventionell,exact,1.0,1.0,Bad Salzungen,50.800018,10.221047,konventionell,19.832,1.0,none,,,,,,none,,,,,,none,,,,,none,,,,,1.0,Redispatch_Daten(1).csv
50H Berlin Lichterfelde,0.85,wikipedia,52.43333333,13.31666667,Konventionell,berlin lichterfelde,berlin lichterfelde,single,none,,,,,,,none,,,,,,,,0.0,match,Berlin-Lichterfelde,52.43333333,13.31666667,https://de.wikipedia.org/wiki/Berlin-Lichterfelde,Kraftwerk:accepted,none,,,,,,none,,,,,none,,,,,348.0,Redispatch_Daten(1).csv
50H Berlin Marzahn,0.85,wikipedia,52.55,13.55,Konventionell,berlin marzahn,berlin marzahn,single,none,,,,,,,none,,,,,,,,0.0,match,Berlin-Marzahn,52.55,13.55,https://de.wikipedia.org/wiki/Berlin-Marzahn,Kraftwerk:accepted,none,,,,,,none,,,,,none,,,,,641.0,Redispatch_Daten(1).csv
50H Berlin Mitte,0.95,psa_exact,52.51172,13.42092,Konventionell,berlin mitte,berlin mitte,single,none,,,,,,,exact,1.0,1.0,Berlin Mitte,52.51172,13.42092,konventionell,461.0,1.0,none,,,,,,none,,,,,,none,,,,,none,,,,,487.0,Redispatch_Daten(1).csv
50H Berlin Reuter West,0.5,gazetteer,52.5050065934066,13.38509945054945,Konventionell,berlin reuter west,berlin reuter west,single,none,,,,,,,none,,,,,,,,0.0,none,,,,,Kraftwerk:no_titles,none,,,,,,match,Berlin,Berlin,52.5050065934066,13.38509945054945,match,berlin,W,52.51000000000001,13.2575,83.0,Redispatch_Daten(1).csv
50H Bernburg,1.0,opsd_exact,51.802609,11.751511,Konventionell,bernburg,bernburg,single,exact,1.0,1.0,Industriekraftwerk Bernburg (IKB),51.802609,11.751511,konventionell,none,,,,,,,,0.0,none,,,,,,none,,,,,,none,,,,,none,,,,,1.0,Redispatch_Daten(1).csv
50H Chemnitz,0.55,opsd_city,50.856981,12.923096,Konventionell,chemnitz,chemnitz,single,city,1.0,1.0,HKW Chemnitz  Nord II,50.856981,12.923096,konventionell,none,,,,,,,,0.0,rejected,Chemnitz-Einsiedel,,,,Kraftwerk:page_missing,rejected,Sprengung,,,,Kraftwerk:page_missing,match,Chemnitz,Sachsen,50.82073333333333,12.91046666666667,none,,,,,1.0,Redispatch_Daten(1).csv
50H Dresden-Nossen,0.5,gazetteer,51.05594137931033,13.74316896551724,Konventionell,dresden nossen,dresden nossen,single,none,,,,,,,none,,,,,,,,0.0,none,,,,,Kraftwerk:no_titles,none,,,,,,match,Dresden,Sachsen,51.05594137931033,13.74316896551724,none,,,,,46.0,Redispatch_Daten(1).csv
50H Dresden-Reick,0.5,gazetteer,51.05594137931033,13.74316896551724,Konventionell,dresden reick,dresden reick,single,none,,,,,,,none,,,,,,,,0.0,none,,,,,Kraftwerk:no_titles,none,,,,,,match,Dresden,Sachsen,51.05594137931033,13.74316896551724,none,,,,,20.0,Redispatch_Daten(1).csv
50H EnviaTherm Bitterfeld GuD,1.0,opsd_exact,51.633861,12.299357,Konventionell,bitterfeld,bitterfeld,single,exact,1.0,1.0,GuD Bitterfeld,51.633861,12.299357,konventionell,exact,1.0,1.0,Bitterfeld Bhkw,51.629969,12.304446,konventionell,2.0,1.0,none,,,,,,none,,,,,,none,,,,,none,,,,,11.0,Redispatch_Daten(1).csv
50H EnviaTherm Bitterfeld-Wolfen GuD,0.55,opsd_city,51.62965,12.28922,Konventionell,bitterfeld wolfen,bitterfeld wolfen,single,city,1.0,1.0,PD energy GmbH,51.62965,12.28922,konventionell,none,,,,,,,,0.0,none,,,,,Kraftwerk:no_titles,none,,,,,,match,Bitterfeld Wolfen,Sachsen-Anhalt,51.6229,12.2677,none,,,,,1.0,Redispatch_Daten(1).csv
50H Erfurt-Ost HKW GuD,1.0,opsd_exact,50.989612,11.027635,Konventionell,erfurt ost,erfurt ost,single,exact,1.0,1.0,HKW Erfurt-Ost,50.989612,11.027635,konventionell,exact,1.0,1.0,Gud Erfurt Ost,51.0188434,11.0410548,konventionell,123.5,1.0,none,,,,,,none,,,,,,none,,,,,none,,,,,161.0,Redispatch_Daten(1).csv
50H HAP Halle-Dieselstr HKW-BlockC,0.5,gazetteer,51.483,11.972,Konventionell,halle dieselstr,halle dieselstr,single,none,,,,,,,none,,,,,,,,0.0,none,,,,,Kraftwerk:no_titles,none,,,,,,match,Halle,Sachsen-Anhalt,51.483,11.972,none,,,,,1.0,Redispatch_Daten(1).csv
50H Halle-Dieselstr HKW-BlockA,0.5,gazetteer,51.483,11.972,Konventionell,halle dieselstr,halle dieselstr,single,none,,,,,,,none,,,,,,,,0.0,none,,,,,Kraftwerk:no_titles,none,,,,,,match,Halle,Sachsen-Anhalt,51.483,11.972,none,,,,,115.0,Redispatch_Daten(1).csv
50H Halle-Dieselstr HKW-BlockB,0.5,gazetteer,51.483,11.972,Konventionell,halle dieselstr,halle dieselstr,single,none,,,,,,,none,,,,,,,,0.0,none,,,,,Kraftwerk:no_titles,none,,,,,,match,Halle,Sachsen-Anhalt,51.483,11.972,none,,,,,75.0,Redispatch_Daten(1).csv
50H Halle-Dieselstr HKW-BlockC,0.5,gazetteer,51.483,11.972,Konventionell,halle dieselstr,halle dieselstr,single,none,,,,,,,none,,,,,,,,0.0,none,,,,,Kraftwerk:no_titles,none,,,,,,match,Halle,Sachsen-Anhalt,51.483,11.972,none,,,,,41.0,Redispatch_Daten(1).csv
50H Halle-Trotha HKW,1.0,opsd_exact,51.48096,11.96427,Konventionell,halle trotha,halle trotha,single,exact,1.0,1.0,HKW Halle Trotha,51.48096,11.96427,konventionell,exact,1.0,1.0,Halle Trotha,51.459096,11.992868,konventionell,60.0,1.0,none,,,,,,none,,,,,,none,,,,,none,,,,,75.0,Redispatch_Daten(1).csv
50H Hamburg MMB BHKW P2H,0.5,gazetteer,53.57172178217822,10.01485742574257,Konventionell,hamburg mmb p2h,hamburg mmb p2h,single,none,,,,,,,none,,,,,,,,0.0,none,,,,,Kraftwerk:no_titles,none,,,,,,match,Hamburg,Hamburg,53.57172178217822,10.01485742574257,match,hamburg,,53.565,10.03,1.0,Redispatch_Daten(1).csv
50H Hamburg MMB BHKW PtH,0.5,gazetteer,53.57172178217822,10.01485742574257,Konventionell,hamburg mmb pth,hamburg mmb pth,single,none,,,,,,,none,,,,,,,,0.0,none,,,,,Kraftwerk:no_titles,none,,,,,,match,Hamburg,Hamburg,53.57172178217822,10.01485742574257,match,hamburg,,53.565,10.03,52.0,Redispatch_Daten(1).csv
50H Hamburg Tiefstack 2 HKW SK,0.5,gazetteer,53.57172178217822,10.01485742574257,Konventionell,hamburg tiefstack sk,hamburg tiefstack sk,single,none,,,,,,,none,,,,,,,,0.0,none,,,,,Kraftwerk:no_titles,none,,,,,,match,Hamburg,Hamburg,53.57172178217822,10.01485742574257,match,hamburg,,53.565,10.03,100.0,Redispatch_Daten(1).csv
50H Hamburg Tiefstack GuD,0.5,gazetteer,53.57172178217822,10.01485742574257,Konventionell,hamburg tiefstack,hamburg tiefstack,single,none,,,,,,,none,,,,,,,,0.0,none,,,,,Kraftwerk:no_titles,none,,,,,,match,Hamburg,Hamburg,53.57172178217822,10.01485742574257,match,hamburg,,53.565,10.03,60.0,Redispatch_Daten(1).csv
50H Hamburg Wedel1,0.5,gazetteer,53.57172178217822,10.01485742574257,Konventionell,hamburg wedel1,hamburg wedel1,single,none,,,,,,,none,,,,,,,,0.0,none,,,,,Kraftwerk:no_titles,none,,,,,,match,Hamburg,Hamburg,53.57172178217822,10.01485742574257,match,hamburg,,53.565,10.03,269.0,Redispatch_Daten(1).csv
50H Hamburg Wedel1 Block1,0.5,gazetteer,53.57172178217822,10.01485742574257,Konventionell,hamburg wedel1,hamburg wedel1,single,none,,,,,,,none,,,,,,,,0.0,none,,,,,Kraftwerk:no_titles,none,,,,,,match,Hamburg,Hamburg,53.57172178217822,10.01485742574257,match,hamburg,,53.565,10.03,1.0,Redispatch_Daten(1).csv
50H InfraLeuna IKW,0.0,unresolved,,,Konventionell,,,single,none,,,,,,,none,,,,,,,,0.0,none,,,,,Kraftwerk:empty_tokens,none,,,,,,none,,,,,none,,,,,121.0,Redispatch_Daten(1).csv
50H Leipzig Nord GuD,1.0,opsd_exact,51.35119,12.37843,Konventionell,leipzig nord,leipzig nord,single,exact,1.0,1.0,Heizkraftwerk Leipzig-Nord,51.35119,12.37843,konventionell,exact,1.0,1.0,Leipzig Nord,51.3515556,12.3777212,konventionell,181.0,1.0,none,,,,,,none,,,,,,none,,,,,none,,,,,33.0,Redispatch_Daten(1).csv
50H Leipzig Süd GuD,0.762,psa_fuzzy,51.297278,12.38509,Konventionell,leipzig sued,leipzig sued,single,none,,,,,,,fuzzy,0.952,1.0,Leipzig Sud Gta,51.297278,12.38509,konventionell,132.341,1.0,none,,,,,Kraftwerk:no_titles,none,,,,,,match,Leipzig,Sachsen,51.35450322580646,12.36917419354839,none,,,,,25.0,Redispatch_Daten(1).csv
50H Neubrandenburg GuD,1.0,opsd_exact,53.5745,13.295142,Konventionell,neubrandenburg,neubrandenburg,single,exact,1.0,1.0,GuD-HKW Neubrandenburg,53.5745,13.295142,konventionell,none,,,,,,,,0.0,none,,,,,,none,,,,,,none,,,,,none,,,,,82.0,Redispatch_Daten(1).csv
50H OWP Arcadis Ost 1,0.95,psa_exact,54.817461,13.651127,Erneuerbar,arcadis ost,arcadis ost,single,none,,,,,,,exact,1.0,1.0,Arcadis Ost,54.817461,13.651127,erneuerbar,9.525,1.0,none,,,,,,none,,,,,,none,,,,,none,,,,,444.0,Redispatch_Daten(1).csv
50H OWP Arkona,1.0,unresolved,54.7819,14.1211,Erneuerbar,arkona,arkona,single,none,,,,,,,none,,,,,,,,0.0,none,,,,,Windkraftanlage:no_titles,none,,,,,,none,,,,,none,,,,,731.0,Redispatch_Daten(1).csv
50H OWP Baltic 1+2,0.38,psa_exact,54.984763,13.183523,Erneuerbar,baltic,baltic,single,none,,,,,,,exact,1.0,1.0,Baltic,54.984763,13.183523,erneuerbar,3.78,101.0,none,,,,,Windkraftanlage:no_titles,none,,,,,,none,,,,,none,,,,,27.0,Redispatch_Daten(1).csv
50H OWP Baltic 1+2 Nord,0.342,psa_exact_dir,54.984763,13.183523,Erneuerbar,baltic nord,baltic nord,single,none,,,,,,,none,,,,,,,,0.0,none,,,,,Windkraftanlage:no_titles,none,,,,,,none,,,,,none,,,,,1.0,Redispatch_Daten(1).csv
50H OWP Baltic 1+2 Süd MIO,0.342,psa_exact_dir,54.984763,13.183523,Erneuerbar,baltic sued,baltic sued,single,none,,,,,,,none,,,,,,,,0.0,rejected,Baltic Soul Weekender,,,,Windkraftanlage:page_missing,rejected,Kategorie:Windkraftanlage in Europa,,,,Windkraftanlage:page_missing,none,,,,,none,,,,,8.0,Redispatch_Daten(1).csv
50H OWP Baltic Eagle,0.95,psa_exact,54.828956,13.863218,Erneuerbar,baltic eagle,baltic eagle,single,none,,,,,,,exact,1.0,1.0,Baltic Eagle,54.828956,13.863218,erneuerbar,9.525,1.0,none,,,,,,none,,,,,,none,,,,,none,,,,,323.0,Redispatch_Daten(1).csv
50H OWP MIO Baltic 1+2,1.0,manual,54.984763,13.183523,Erneuerbar,mio baltic,mio baltic,single,none,,,,,,,none,,,,,,,,0.0,none,,,,,Windkraftanlage:no_titles,none,,,,,,none,,,,,none,,,,,38.0,Redispatch_Daten(1).csv
50H OWP Wikinger,0.95,psa_exact,54.837688,14.068586,Erneuerbar,wikinger,wikinger,single,none,,,,,,,exact,1.0,1.0,Wikinger,54.837688,14.068586,erneuerbar,5.23,1.0,none,,,,,,none,,,,,,none,,,,,none,,,,,697.0,Redispatch_Daten(1).csv
50H PV Bartow,0.95,psa_exact,53.826522,13.322914,Erneuerbar,bartow,bartow,single,none,,,,,,,exact,1.0,1.0,Windpark Bartow,53.826522,13.322914,erneuerbar,3.45,1.0,none,,,,,,none,,,,,,none,,,,,none,,,,,36.0,Redispatch_Daten(1).csv
50H PV Haidemühl,0.758,psa_fuzzy,51.54592,14.264468,Erneuerbar,haidemuehl,haidemuehl,single,none,,,,,,,fuzzy,0.947,1.0,Pva Haidemuhl,51.54592,14.264468,erneuerbar,18.81,1.0,none,,,,,PV-Freiflächenanlage:no_titles,none,,,,,,match,Haidemuehl,Brandenburg,51.5518,14.2219,none,,,,,7.0,Redispatch_Daten(1).csv
50H PV Witznitz,0.0,unresolved,,,Erneuerbar,witznitz,witznitz,single,none,,,,,,,none,,,,,,,,0.0,none,,,,,PV-Freiflächenanlage:no_titles,none,,,,,,none,,,,,none,,,,,408.0,Redispatch_Daten(1).csv
50H Parchim,0.5,gazetteer,53.4263,11.8488,Konventionell,parchim,parchim,single,none,,,,,,,none,,,,,,,,0.0,none,,,,,Kraftwerk:no_titles,none,,,,,,match,Parchim,Mecklenburg-Vorpommern,53.4263,11.8488,none,,,,,3.0,Redispatch_Daten(1).csv
50H Rostock Marienehe,0.95,psa_exact,54.1256,12.083541,Konventionell,rostock marienehe,rostock marienehe,single,none,,,,,,,exact,1.0,1.0,Rostock Marienehe,54.1256,12.083541,konventionell,108.0,1.0,none,,,,,,none,,,,,,none,,,,,none,,,,,203.0,Redispatch_Daten(1).csv
50H Stralsund BHKW+P2H,0.5,gazetteer,54.31123333333333,13.06766666666667,Konventionell,stralsund bhkwp2h,stralsund bhkwp2h,single,none,,,,,,,none,,,,,,,,0.0,none,,,,,Kraftwerk:no_titles,none,,,,,,match,Stralsund,Mecklenburg-Vorpommern,54.31123333333333,13.06766666666667,none,,,,,13.0,Redispatch_Daten(1).csv
50H Stralsund BHKW+PtH,0.5,gazetteer,54.31123333333333,13.06766666666667,Konventionell,stralsund bhkwpth,stralsund bhkwpth,single,none,,,,,,,none,,,,,,,,0.0,none,,,,,Kraftwerk:no_titles,none,,,,,,match,Stralsund,Mecklenburg-Vorpommern,54.31123333333333,13.06766666666667,none,,,,,48.0,Redispatch_Daten(1).csv
50H UW Altentreptow,0.95,psa_exact,53.695406,13.300324,Erneuerbar,altentreptow,altentreptow,single,none,,,,,,,exact,1.0,1.0,Altentreptow,53.695406,13.300324,erneuerbar,2.3,1.0,none,,,,,,none,,,,,,none,,,,,none,,,,,212.0,Redispatch_Daten(1).csv
50H UW Bertikow,0.95,psa_exact,53.259097,13.952942,Erneuerbar,bertikow,bertikow,single,none,,,,,,,exact,1.0,1.0,Bertikow,53.259097,13.952942,erneuerbar,5.6,1.0,none,,,,,,none,,,,,,none,,,,,none,,,,,1134.0,Redispatch_Daten(1).csv
50H UW Iven,0.95,psa_exact,53.796397,13.393575,Erneuerbar,iven,iven,single,none,,,,,,,exact,1.0,1.0,Wp Iven,53.796397,13.393575,erneuerbar,2.5,1.0,none,,,,,,none,,,,,,none,,,,,none,,,,,198.0,Redispatch_Daten(1).csv
50H UW MIO Baltic 1+2,1.0,manual,54.9733,13.1778,Erneuerbar,mio baltic,mio baltic,single,none,,,,,,,none,,,,,,,,0.0,none,,,,,Solarpark:no_titles,none,,,,,,none,,,,,none,,,,,1.0,Redispatch_Daten(1).csv
50H UW Putlitz,0.95,psa_exact,53.321038,12.026903,Erneuerbar,putlitz,putlitz,single,none,,,,,,,exact,1.0,1.0,Putlitz,53.321038,12.026903,erneuerbar,2.0,1.0,none,,,,,,none,,,,,,none,,,,,none,,,,,519.0,Redispatch_Daten(1).csv
50H UW Schönewalde,0.85,wikipedia,51.81413889,13.22669444,Erneuerbar,schoenewalde,schoenewalde,single,none,,,,,,,fuzzy,0.957,1.0,Schonewalde,51.812246,13.228904,erneuerbar,3.026,1.0,match,Schönewalde,51.81413889,13.22669444,https://de.wikipedia.org/wiki/Schönewalde,Windpark:accepted,none,,,,,,match,Schoenewalde,Brandenburg,51.679,13.6025,none,,,,,639.0,Redispatch_Daten(1).csv
50H UW Wessin,0.95,psa_exact,53.562134,11.717767,Erneuerbar,wessin,wessin,single,none,,,,,,,exact,1.0,1.0,Wessin,53.562134,11.717767,erneuerbar,4.2,1.0,none,,,,,,none,,,,,,none,,,,,none,,,,,313.0,Redispatch_Daten(1).csv
50H UW Wustermark,0.95,psa_exact,52.562313,12.954929,Erneuerbar,wustermark,wustermark,single,none,,,,,,,exact,1.0,1.0,Pv Wustermark,52.562313,12.954929,erneuerbar,2.9718,1.0,none,,,,,,none,,,,,,none,,,,,none,,,,,266.0,Redispatch_Daten(1).csv
50H-OWP-Wikinger,0.95,psa_exact,54.837688,14.068586,Erneuerbar,wikinger,wikinger,single,none,,,,,,,exact,1.0,1.0,Wikinger,54.837688,14.068586,erneuerbar,5.23,1.0,none,,,,,,none,,,,,,none,,,,,none,,,,,1.0,Redispatch_Daten(1).csv
50H_AVA_CR_FOE,0.2,grid_area_dso,51.985,11.87,Erneuerbar,cr foe,cr foe,grid_area,none,,,,,,,none,,,,,,,,0.0,none,,,,,,none,,,,,,none,,,,,grid_area,ava->sachsen-anhalt,,51.985,11.87,61.0,Redispatch_Daten(1).csv
50H_AVA_CR_STW,0.2,grid_area_dso,51.985,11.87,Erneuerbar,cr stw,cr stw,grid_area,none,,,,,,,none,,,,,,,,0.0,none,,,,,,none,,,,,,none,,,,,grid_area,ava->sachsen-anhalt,,51.985,11.87,91.0,Redispatch_Daten(1).csv
50H_AVA_CR_WK,0.2,grid_area_dso,51.985,11.87,Erneuerbar,cr wk,cr wk,grid_area,none,,,,,,,none,,,,,,,,0.0,none,,,,,,none,,,,,,none,,,,,grid_area,ava->sachsen-anhalt,,51.985,11.87,3.0,Redispatch_Daten(1).csv
50H_AVA_CR_WOL,0.2,grid_area_dso,51.985,11.87,Erneuerbar,cr wol,cr wol,grid_area,none,,,,,,,none,,,,,,,,0.0,none,,,,,,none,,,,,,none,,,,,grid_area,ava->sachsen-anhalt,,51.985,11.87,91.0,Redispatch_Daten(1).csv
50H_EDIS_CR_ATS,0.2,grid_area_dso,52.46,13.02,Erneuerbar,edis cr ats,edis cr ats,grid_area,none,,,,,,,none,,,,,,,,0.0,none,,,,,,none,,,,,,none,,,,,grid_area,edis->brandenburg,,52.46,13.02,9.0,Redispatch_Daten(1).csv
50H_EDIS_CR_BW,0.25,grid_area_state,48.66,9.004999999999999,Erneuerbar,edis cr bw,edis cr bw,grid_area,none,,,,,,,none,,,,,,,,0.0,none,,,,,,none,,,,,,none,,,,,grid_area,baden-wuerttemberg,,48.66,9.004999999999999,8.0,Redispatch_Daten(1).csv
50H_EDIS_CR_EH,0.2,grid_area_dso,52.46,13.02,Erneuerbar,edis cr eh,edis cr eh,grid_area,none,,,,,,,none,,,,,,,,0.0,none,,,,,,none,,,,,,none,,,,,grid_area,edis->brandenburg,,52.46,13.02,19.0,Redispatch_Daten(1).csv
50H_EDIS_CR_GSE,0.2,grid_area_dso,52.46,13.02,Erneuerbar,edis cr gse,edis cr gse,grid_area,none,,,,,,,none,,,,,,,,0.0,none,,,,,,none,,,,,,none,,,,,grid_area,edis->brandenburg,,52.46,13.02,5.0,Redispatch_Daten(1).csv
50H_EDIS_CR_GUE_Nord,0.15,grid_area_dso,53.01000000000001,13.02,Erneuerbar,edis cr gue nord,edis cr gue nord,grid_area,none,,,,,,,none,,,,,,,,0.0,none,,,,,,none,,,,,,none,,,,,grid_area,edis->brandenburg_N,,53.01000000000001,13.02,37.0,Redispatch_Daten(1).csv
50H_EDIS_CR_GUE_Sued,0.15,grid_area_dso,51.91,13.02,Erneuerbar,edis cr gue sued,edis cr gue sued,grid_area,none,,,,,,,none,,,,,,,,0.0,none,,,,,,none,,,,,,none,,,,,grid_area,edis->brandenburg_S,,51.91,13.02,15.0,Redispatch_Daten(1).csv
50H_EDIS_CR_HND,0.2,grid_area_dso,52.46,13.02,Erneuerbar,edis cr hnd,edis cr hnd,grid_area,none,,,,,,,none,,,,,,,,0.0,none,,,,,,none,,,,,,none,,,,,grid_area,edis->brandenburg,,52.46,13.02,11.0,Redispatch_Daten(1).csv
50H_EDIS_CR_LHG,0.2,grid_area_dso,52.46,13.02,Erneuerbar,edis cr lhg,edis cr lhg,grid_area,none,,,,,,,none,,,,,,,,0.0,none,,,,,,none,,,,,,none,,,,,grid_area,edis->brandenburg,,52.46,13.02,9.0,Redispatch_Daten(1).csv
50H_EDIS_CR_LUB,0.2,grid_area_dso,52.46,13.02,Erneuerbar,edis cr lub,edis cr lub,grid_area,none,,,,,,,none,,,,,,,,0.0,none,,,,,,none,,,,,,none,,,,,grid_area,edis->brandenburg,,52.46,13.02,1.0,Redispatch_Daten(1).csv
50H_EDIS_CR_LV_WEST,0.15,grid_area_dso,52.46,12.145,Erneuerbar,edis cr lv west,edis cr lv west,grid_area,none,,,,,,,none,,,,,,,,0.0,none,,,,,,none,,,,,,none,,,,,grid_area,edis->brandenburg_W,,52.46,12.145,4.0,Redispatch_Daten(1).csv
50H_EDIS_CR_NHG_Nord,0.15,grid_area_dso,53.01000000000001,13.02,Erneuerbar,edis cr nhg nord,edis cr nhg nord,grid_area,none,,,,,,,none,,,,,,,,0.0,none,,,,,,none,,,,,,none,,,,,grid_area,edis->brandenburg_N,,53.01000000000001,13.02,22.0,Redispatch_Daten(1).csv
50H_EDIS_CR_NHG_Sued,0.15,grid_area_dso,51.91,13.02,Erneuerbar,edis cr nhg sued,edis cr nhg sued,grid_area,none,,,,,,,none,,,,,,,,0.0,none,,,,,,none,,,,,,none,,,,,grid_area,edis->brandenburg_S,,51.91,13.02,2.0,Redispatch_Daten(1).csv
50H_EDIS_CR_PAS,0.2,grid_area_dso,52.46,13.02,Erneuerbar,edis cr pas,edis cr pas,grid_area,none,,,,,,,none,,,,,,,,0.0,none,,,,,,none,,,,,,none,,,,,grid_area,edis->brandenburg,,52.46,13.02,210.0,Redispatch_Daten(1).csv
50H_EDIS_CR_PAS_51,0.2,grid_area_dso,52.46,13.02,Erneuerbar,edis cr pas,edis cr pas,grid_area,none,,,,,,,none,,,,,,,,0.0,none,,,,,,none,,,,,,none,,,,,grid_area,edis->brandenburg,,52.46,13.02,1.0,Redispatch_Daten(1).csv
50H_EDIS_CR_PE,0.2,grid_area_dso,52.46,13.02,Erneuerbar,edis cr pe,edis cr pe,grid_area,none,,,,,,,none,,,,,,,,0.0,none,,,,,,none,,,,,,none,,,,,grid_area,edis->brandenburg,,52.46,13.02,28.0,Redispatch_Daten(1).csv
50H_EDIS_CR_PZS,0.2,grid_area_dso,52.46,13.02,Erneuerbar,edis cr pzs,edis cr pzs,grid_area,none,,,,,,,none,,,,,,,,0.0,none,,,,,,none,,,,,,none,,,,,grid_area,edis->brandenburg,,52.46,13.02,14.0,Redispatch_Daten(1).csv
50H_EDIS_CR_SOW_Nord,0.15,grid_area_dso,53.01000000000001,13.02,Erneuerbar,edis cr sow nord,edis cr sow nord,grid_area,none,,,,,,,none,,,,,,,,0.0,none,,,,,,none,,,,,,none,,,,,grid_area,edis->brandenburg_N,,53.01000000000001,13.02,7.0,Redispatch_Daten(1).csv
50H_EDIS_CR_SOW_Sued,0.15,grid_area_dso,51.91,13.02,Erneuerbar,edis cr sow sued,edis cr sow sued,grid_area,none,,,,,,,none,,,,,,,,0.0,none,,,,,,none,,,,,,none,,,,,grid_area,edis->brandenburg_S,,51.91,13.02,111.0,Redispatch_Daten(1).csv
50H_EDIS_CR_SW,0.2,grid_area_dso,52.46,13.02,Erneuerbar,edis cr sw,edis cr sw,grid_area,none,,,,,,,none,,,,,,,,0.0,none,,,,,,none,,,,,,none,,,,,grid_area,edis->brandenburg,,52.46,13.02,1.0,Redispatch_Daten(1).csv
50H_EDIS_CR_THY,0.2,grid_area_dso,52.46,13.02,Erneuerbar,edis cr thy,edis cr thy,grid_area,none,,,,,,,none,,,,,,,,0.0,none,,,,,,none,,,,,,none,,,,,grid_area,edis->brandenburg,,52.46,13.02,2.0,Redispatch_Daten(1).csv
50H_EDIS_CR_VIE_Sued,0.15,grid_area_dso,51.91,13.02,Erneuerbar,edis cr vie sued,edis cr vie sued,grid_area,none,,,,,,,none,,,,,,,,0.0,none,,,,,,none,,,,,,none,,,,,grid_area,edis->brandenburg_S,,51.91,13.02,1.0,Redispatch_Daten(1).csv
50H_EDIS_CR_WU,0.2,grid_area_dso,52.46,13.02,Erneuerbar,edis cr wu,edis cr wu,grid_area,none,,,,,,,none,,,,,,,,0.0,none,,,,,,none,,,,,,none,,,,,grid_area,edis->brandenburg,,52.46,13.02,36.0,Redispatch_Daten(1).csv
50H_MNS_CR_ADB,0.2,grid_area_dso,51.985,11.87,Erneuerbar,mns cr adb,mns cr adb,grid_area,none,,,,,,,none,,,,,,,,0.0,none,,,,,,none,,,,,,none,,,,,grid_area,mns->sachsen-anhalt,,51.985,11.87,19.0,Redispatch_Daten(1).csv
50H_MNS_CR_CRO,0.2,grid_area_dso,51.985,11.87,Erneuerbar,mns cr cro,mns cr cro,grid_area,none,,,,,,,none,,,,,,,,0.0,none,,,,,,none,,,,,,none,,,,,grid_area,mns->sachsen-anhalt,,51.985,11.87,1.0,Redispatch_Daten(1).csv
50H_MNS_CR_FRN,0.2,grid_area_dso,51.985,11.87,Erneuerbar,mns cr frn,mns cr frn,grid_area,none,,,,,,,none,,,,,,,,0.0,none,,,,,,none,,,,,,none,,,,,grid_area,mns->sachsen-anhalt,,51.985,11.87,10.0,Redispatch_Daten(1).csv
50H_MNS_CR_GRS,0.2,grid_area_dso,51.985,11.87,Erneuerbar,mns cr grs,mns cr grs,grid_area,none,,,,,,,none,,,,,,,,0.0,none,,,,,,none,,,,,,none,,,,,grid_area,mns->sachsen-anhalt,,51.985,11.87,35.0,Redispatch_Daten(1).csv
50H_MNS_CR_HER,0.2,grid_area_dso,51.985,11.87,Erneuerbar,mns cr her,mns cr her,grid_area,none,,,,,,,none,,,,,,,,0.0,none,,,,,,none,,,,,,none,,,,,grid_area,mns->sachsen-anhalt,,51.985,11.87,2.0,Redispatch_Daten(1).csv
50H_MNS_CR_JEN,0.2,grid_area_dso,51.985,11.87,Erneuerbar,mns cr jen,mns cr jen,grid_area,none,,,,,,,none,,,,,,,,0.0,none,,,,,,none,,,,,,none,,,,,grid_area,mns->sachsen-anhalt,,51.985,11.87,24.0,Redispatch_Daten(1).csv
50H_MNS_CR_JSN,0.2,grid_area_dso,51.985,11.87,Erneuerbar,mns cr jsn,mns cr jsn,grid_area,none,,,,,,,none,,,,,,,,0.0,none,,,,,,none,,,,,,none,,,,,grid_area,mns->sachsen-anhalt,,51.985,11.87,57.0,Redispatch_Daten(1).csv
50H_MNS_CR_KLM,0.2,grid_area_dso,51.985,11.87,Erneuerbar,mns cr klm,mns cr klm,grid_area,none,,,,,,,none,,,,,,,,0.0,none,,,,,,none,,,,,,none,,,,,grid_area,mns->sachsen-anhalt,,51.985,11.87,206.0,Redispatch_Daten(1).csv
50H_MNS_CR_LAU_Nord,0.15,grid_area_dso,52.5125,11.87,Erneuerbar,mns cr lau nord,mns cr lau nord,grid_area,none,,,,,,,none,,,,,,,,0.0,none,,,,,,none,,,,,,none,,,,,grid_area,mns->sachsen-anhalt_N,,52.5125,11.87,262.0,Redispatch_Daten(1).csv
50H_MNS_CR_LAU_Sued,0.15,grid_area_dso,51.4575,11.87,Erneuerbar,mns cr lau sued,mns cr lau sued,grid_area,none,,,,,,,none,,,,,,,,0.0,none,,,,,,none,,,,,,none,,,,,grid_area,mns->sachsen-anhalt_S,,51.4575,11.87,126.0,Redispatch_Daten(1).csv
50H_MNS_CR_MA_Nord,0.15,grid_area_dso,52.5125,11.87,Erneuerbar,mns cr ma nord,mns cr ma nord,grid_area,none,,,,,,,none,,,,,,,,0.0,none,,,,,,none,,,,,,none,,,,,grid_area,mns->sachsen-anhalt_N,,52.5125,11.87,119.0,Redispatch_Daten(1).csv
50H_MNS_CR_MA_Sued,0.15,grid_area_dso,51.4575,11.87,Erneuerbar,mns cr ma sued,mns cr ma sued,grid_area,none,,,,,,,none,,,,,,,,0.0,none,,,,,,none,,,,,,none,,,,,grid_area,mns->sachsen-anhalt_S,,51.4575,11.87,70.0,Redispatch_Daten(1).csv
50H_MNS_CR_PRL,0.2,grid_area_dso,51.985,11.87,Erneuerbar,mns cr prl,mns cr prl,grid_area,none,,,,,,,none,,,,,,,,0.0,none,,,,,,none,,,,,,none,,,,,grid_area,mns->sachsen-anhalt,,51.985,11.87,28.0,Redispatch_Daten(1).csv
50H_MNS_CR_PRL_TU,0.2,grid_area_dso,51.985,11.87,Erneuerbar,mns cr prl tu,mns cr prl tu,grid_area,none,,,,,,,none,,,,,,,,0.0,none,,,,,,none,,,,,,none,,,,,grid_area,mns->sachsen-anhalt,,51.985,11.87,3.0,Redispatch_Daten(1).csv
50H_MNS_CR_PUL,0.2,grid_area_dso,51.985,11.87,Erneuerbar,mns cr pul,mns cr pul,grid_area,none,,,,,,,none,,,,,,,,0.0,none,,,,,,none,,,,,,none,,,,,grid_area,mns->sachsen-anhalt,,51.985,11.87,80.0,Redispatch_Daten(1).csv
50H_MNS_CR_PUL_47,0.2,grid_area_dso,51.985,11.87,Erneuerbar,mns cr pul,mns cr pul,grid_area,none,,,,,,,none,,,,,,,,0.0,none,,,,,,none,,,,,,none,,,,,grid_area,mns->sachsen-anhalt,,51.985,11.87,1.0,Redispatch_Daten(1).csv
50H_MNS_CR_RAG,0.2,grid_area_dso,51.985,11.87,Erneuerbar,mns cr rag,mns cr rag,grid_area,none,,,,,,,none,,,,,,,,0.0,none,,,,,,none,,,,,,none,,,,,grid_area,mns->sachsen-anhalt,,51.985,11.87,73.0,Redispatch_Daten(1).csv
50H_MNS_CR_ROE,0.2,grid_area_dso,51.985,11.87,Erneuerbar,mns cr roe,mns cr roe,grid_area,none,,,,,,,none,,,,,,,,0.0,none,,,,,,none,,,,,,none,,,,,grid_area,mns->sachsen-anhalt,,51.985,11.87,3.0,Redispatch_Daten(1).csv
50H_MNS_CR_STR,0.2,grid_area_dso,51.985,11.87,Erneuerbar,mns cr str,mns cr str,grid_area,none,,,,,,,none,,,,,,,,0.0,none,,,,,,none,,,,,,none,,,,,grid_area,mns->sachsen-anhalt,,51.985,11.87,3.0,Redispatch_Daten(1).csv
50H_MNS_CR_ZW,0.2,grid_area_dso,51.985,11.87,Erneuerbar,mns cr zw,mns cr zw,grid_area,none,,,,,,,none,,,,,,,,0.0,none,,,,,,none,,,,,,none,,,,,grid_area,mns->sachsen-anhalt,,51.985,11.87,3.0,Redispatch_Daten(1).csv
50H_TEN_CR_M1_EI,0.2,grid_area_dso,52.46,13.02,Erneuerbar,ten cr m1 ei,ten cr m1 ei,grid_area,none,,,,,,,none,,,,,,,,0.0,none,,,,,,none,,,,,,none,,,,,grid_area,ten->brandenburg,,52.46,13.02,45.0,Redispatch_Daten(1).csv
50H_TEN_CR_M2_VIB,0.2,grid_area_dso,52.46,13.02,Erneuerbar,ten cr m2 vib,ten cr m2 vib,grid_area,none,,,,,,,none,,,,,,,,0.0,none,,,,,,none,,,,,,none,,,,,grid_area,ten->brandenburg,,52.46,13.02,119.0,Redispatch_Daten(1).csv
50H_TEN_CR_M2_VIB_37,0.2,grid_area_dso,52.46,13.02,Erneuerbar,ten cr m2 vib,ten cr m2 vib,grid_area,none,,,,,,,none,,,,,,,,0.0,none,,,,,,none,,,,,,none,,,,,grid_area,ten->brandenburg,,52.46,13.02,1.0,Redispatch_Daten(1).csv
50H_TEN_CR_S1_ATF,0.2,grid_area_dso,52.46,13.02,Erneuerbar,ten cr s1 atf,ten cr s1 atf,grid_area,none,,,,,,,none,,,,,,,,0.0,none,,,,,,none,,,,,,none,,,,,grid_area,ten->brandenburg,,52.46,13.02,52.0,Redispatch_Daten(1).csv
50H_TEN_CR_S1_ATF_24,0.2,grid_area_dso,52.46,13.02,Erneuerbar,ten cr s1 atf,ten cr s1 atf,grid_area,none,,,,,,,none,,,,,,,,0.0,none,,,,,,none,,,,,,none,,,,,grid_area,ten->brandenburg,,52.46,13.02,1.0,Redispatch_Daten(1).csv
50H_TEN_CR_S2_WD,0.2,grid_area_dso,52.46,13.02,Erneuerbar,ten cr s2 wd,ten cr s2 wd,grid_area,none,,,,,,,none,,,,,,,,0.0,none,,,,,,none,,,,,,none,,,,,grid_area,ten->brandenburg,,52.46,13.02,20.0,Redispatch_Daten(1).csv
50H_WEMA_CR_GOE,0.2,grid_area_dso,53.895,12.5,Erneuerbar,wema cr goe,wema cr goe,grid_area,none,,,,,,,none,,,,,,,,0.0,none,,,,,,none,,,,,,none,,,,,grid_area,wema->mecklenburg-vorpommern,,53.895,12.5,105.0,Redispatch_Daten(1).csv
50H_WEMA_CR_GUE,0.2,grid_area_dso,53.895,12.5,Erneuerbar,wema cr gue,wema cr gue,grid_area,none,,,,,,,none,,,,,,,,0.0,none,,,,,,none,,,,,,none,,,,,grid_area,wema->mecklenburg-vorpommern,,53.895,12.5,14.0,Redispatch_Daten(1).csv
50H_WEMA_CR_PE,0.2,grid_area_dso,53.895,12.5,Erneuerbar,wema cr pe,wema cr pe,grid_area,none,,,,,,,none,,,,,,,,0.0,none,,,,,,none,,,,,,none,,,,,grid_area,wema->mecklenburg-vorpommern,,53.895,12.5,22.0,Redispatch_Daten(1).csv
50H_WEMA_CR_PMS,0.2,grid_area_dso,53.895,12.5,Erneuerbar,wema cr pms,wema cr pms,grid_area,none,,,,,,,none,,,,,,,,0.0,none,,,,,,none,,,,,,none,,,,,grid_area,wema->mecklenburg-vorpommern,,53.895,12.5,32.0,Redispatch_Daten(1).csv
50H_WEMA_CR_PMS_93,0.2,grid_area_dso,53.895,12.5,Erneuerbar,wema cr pms,wema cr pms,grid_area,none,,,,,,,none,,,,,,,,0.0,none,,,,,,none,,,,,,none,,,,,grid_area,wema->mecklenburg-vorpommern,,53.895,12.5,2.0,Redispatch_Daten(1).csv
50H_WEMA_CR_WE,0.2,grid_area_dso,53.895,12.5,Erneuerbar,wema cr we,wema cr we,grid_area,none,,,,,,,none,,,,,,,,0.0,none,,,,,,none,,,,,,none,,,,,grid_area,wema->mecklenburg-vorpommern,,53.895,12.5,1.0,Redispatch_Daten(1).csv
AMP_LEW_VERTEILNETZ_NORD_CR_KWK,0.15,grid_area_dso,49.745,11.405,Sonstiges,lew verteilnetz nord cr kwk,lew verteilnetz nord cr kwk,grid_area,none,,,,,,,none,,,,,,,,0.0,none,,,,,,none,,,,,,none,,,,,grid_area,lew->bayern_N,,49.745,11.405,1.0,Redispatch_Daten(1).csv
AMP_LEW_VERTEILNETZ_NORD_CR_PHOTOVOLTAIK,0.15,grid_area_dso,49.745,11.405,Erneuerbar,lew verteilnetz nord cr photovoltaik,lew verteilnetz nord cr photovoltaik,grid_area,none,,,,,,,none,,,,,,,,0.0,none,,,,,,none,,,,,,none,,,,,grid_area,lew->bayern_N,,49.745,11.405,4.0,Redispatch_Daten(1).csv
AMP_LEW_VERTEILNETZ_NORD_CR_SONSTIGE_EE,0.15,grid_area_dso,49.745,11.405,Sonstiges,lew verteilnetz nord cr sonstige ee,lew verteilnetz nord cr sonstige ee,grid_area,none,,,,,,,none,,,,,,,,0.0,none,,,,,,none,,,,,,none,,,,,grid_area,lew->bayern_N,,49.745,11.405,3.0,Redispatch_Daten(1).csv
AMP_LEW_VERTEILNETZ_NORD_CR_WIND,0.15,grid_area_dso,49.745,11.405,Erneuerbar,lew verteilnetz nord cr wind,lew verteilnetz nord cr wind,grid_area,none,,,,,,,none,,,,,,,,0.0,none,,,,,,none,,,,,,none,,,,,grid_area,lew->bayern_N,,49.745,11.405,2.0,Redispatch_Daten(1).csv
AMP_LEW_VERTEILNETZ_SUED_CR_KONVENTIONELL,0.15,grid_area_dso,48.095,11.405,Sonstiges,lew verteilnetz sued cr konventionell,lew verteilnetz sued cr konventionell,grid_area,none,,,,,,,none,,,,,,,,0.0,none,,,,,,none,,,,,,none,,,,,grid_area,lew->bayern_S,,48.095,11.405,1.0,Redispatch_Daten(1).csv
AMP_LEW_VERTEILNETZ_SUED_CR_KWK,0.15,grid_area_dso,48.095,11.405,Sonstiges,lew verteilnetz sued cr kwk,lew verteilnetz sued cr kwk,grid_area,none,,,,,,,none,,,,,,,,0.0,none,,,,,,none,,,,,,none,,,,,grid_area,lew->bayern_S,,48.095,11.405,1.0,Redispatch_Daten(1).csv
AMP_LEW_VERTEILNETZ_SUED_CR_PHOTOVOLTAIK,0.15,grid_area_dso,48.095,11.405,Erneuerbar,lew verteilnetz sued cr photovoltaik,lew verteilnetz sued cr photovoltaik,grid_area,none,,,,,,,none,,,,,,,,0.0,none,,,,,,none,,,,,,none,,,,,grid_area,lew->bayern_S,,48.095,11.405,5.0,Redispatch_Daten(1).csv
AMP_LEW_VERTEILNETZ_SUED_CR_SONSTIGE_EE,0.15,grid_area_dso,48.095,11.405,Sonstiges,lew verteilnetz sued cr sonstige ee,lew verteilnetz sued cr sonstige ee,grid_area,none,,,,,,,none,,,,,,,,0.0,none,,,,,,none,,,,,,none,,,,,grid_area,lew->bayern_S,,48.095,11.405,3.0,Redispatch_Daten(1).csv
AMP_LEW_VERTEILNETZ_SUED_CR_WIND,0.15,grid_area_dso,48.095,11.405,Erneuerbar,lew verteilnetz sued cr wind,lew verteilnetz sued cr wind,grid_area,none,,,,,,,none,,,,,,,,0.0,none,,,,,,none,,,,,,none,,,,,grid_area,lew->bayern_S,,48.095,11.405,1.0,Redispatch_Daten(1).csv
AMP_SYNA_PFUNG_CR_WIND,0.2,grid_area_dso,50.525,9.004999999999999,Erneuerbar,syna pfung cr wind,syna pfung cr wind,grid_area,none,,,,,,,none,,,,,,,,0.0,none,,,,,,none,,,,,,none,,,,,grid_area,syna->hessen,,50.525,9.004999999999999,2.0,Redispatch_Daten(1).csv
AMP_SYNA_TAUNUS_CR_WIND,0.2,grid_area_dso,50.525,9.004999999999999,Erneuerbar,syna taunus cr wind,syna taunus cr wind,grid_area,none,,,,,,,none,,,,,,,,0.0,none,,,,,,none,,,,,,none,,,,,grid_area,syna->hessen,,50.525,9.004999999999999,2.0,Redispatch_Daten(1).csv
AMP_VSE_CR_PHOTOVOLTAIK,0.2,grid_area_dso,49.375,6.885,Erneuerbar,vse cr photovoltaik,vse cr photovoltaik,grid_area,none,,,,,,,none,,,,,,,,0.0,none,,,,,,none,,,,,,none,,,,,grid_area,vse->saarland,,49.375,6.885,3.0,Redispatch_Daten(1).csv
AMP_VSE_CR_SONSTIGE_EE,0.2,grid_area_dso,49.375,6.885,Sonstiges,vse cr sonstige ee,vse cr sonstige ee,grid_area,none,,,,,,,none,,,,,,,,0.0,none,,,,,,none,,,,,,none,,,,,grid_area,vse->saarland,,49.375,6.885,3.0,Redispatch_Daten(1).csv
AMP_VSE_CR_WIND,0.2,grid_area_dso,49.375,6.885,Erneuerbar,vse cr wind,vse cr wind,grid_area,none,,,,,,,none,,,,,,,,0.0,none,,,,,,none,,,,,,none,,,,,grid_area,vse->saarland,,49.375,6.885,7.0,Redispatch_Daten(1).csv
AMP_WESTNETZ_BORNHEIM_CR_WIND,0.45,grid_area_city,49.7831,8.0603,Erneuerbar,westnetz bornheim cr wind,westnetz bornheim cr wind,grid_area,none,,,,,,,none,,,,,,,,0.0,none,,,,,,none,,,,,,none,,,,,grid_area,Bornheim,,49.7831,8.0603,3.0,Redispatch_Daten(1).csv
AMP_WESTNETZ_DORTMUND_CR_WIND,0.45,grid_area_city,51.50762222222223,7.472581481481482,Erneuerbar,westnetz dortmund cr wind,westnetz dortmund cr wind,grid_area,none,,,,,,,none,,,,,,,,0.0,none,,,,,,none,,,,,,none,,,,,grid_area,Dortmund,,51.50762222222223,7.472581481481482,1.0,Redispatch_Daten(1).csv
AMP_WESTNETZ_EIFEL_CR_WIND,0.3,grid_area_region,50.35,6.7,Erneuerbar,westnetz eifel cr wind,westnetz eifel cr wind,grid_area,none,,,,,,,none,,,,,,,,0.0,none,,,,,,none,,,,,,none,,,,,grid_area,eifel,,50.35,6.7,3.0,Redispatch_Daten(1).csv
AMP_WESTNETZ_EMSLAND_CR_PHOTOVOLTAIK,0.3,grid_area_region,52.9,7.4,Erneuerbar,westnetz emsland cr photovoltaik,westnetz emsland cr photovoltaik,grid_area,none,,,,,,,none,,,,,,,,0.0,none,,,,,,none,,,,,,none,,,,,grid_area,emsland,,52.9,7.4,1.0,Redispatch_Daten(1).csv
AMP_WESTNETZ_EMSLAND_CR_SONSTIGE_EE,0.3,grid_area_region,52.9,7.4,Sonstiges,westnetz emsland cr sonstige ee,westnetz emsland cr sonstige ee,grid_area,none,,,,,,,none,,,,,,,,0.0,none,,,,,,none,,,,,,none,,,,,grid_area,emsland,,52.9,7.4,2.0,Redispatch_Daten(1).csv
AMP_WESTNETZ_EMSLAND_CR_WIND,0.3,grid_area_region,52.9,7.4,Erneuerbar,westnetz emsland cr wind,westnetz emsland cr wind,grid_area,none,,,,,,,none,,,,,,,,0.0,none,,,,,,none,,,,,,none,,,,,grid_area,emsland,,52.9,7.4,7.0,Redispatch_Daten(1).csv
AMP_WESTNETZ_HUERTH_CR_WIND,0.45,grid_area_city,50.8708,6.8676,Erneuerbar,westnetz huerth cr wind,westnetz huerth cr wind,grid_area,none,,,,,,,none,,,,,,,,0.0,none,,,,,,none,,,,,,none,,,,,grid_area,Huerth,,50.8708,6.8676,3.0,Redispatch_Daten(1).csv
AMP_WESTNETZ_KREFELDNEUSS_CR_WIND,0.2,grid_area_dso,51.425,7.66,Erneuerbar,westnetz krefeldneuss cr wind,westnetz krefeldneuss cr wind,grid_area,none,,,,,,,none,,,,,,,,0.0,none,,,,,,none,,,,,,none,,,,,grid_area,westnetz->nordrhein-westfalen,,51.425,7.66,3.0,Redispatch_Daten(1).csv
AMP_WESTNETZ_MUELHEIM_CR_WIND,0.45,grid_area_city,49.9125,7.0195,Erneuerbar,westnetz muelheim cr wind,westnetz muelheim cr wind,grid_area,none,,,,,,,none,,,,,,,,0.0,none,,,,,,none,,,,,,none,,,,,grid_area,Muelheim,,49.9125,7.0195,1.0,Redispatch_Daten(1).csv
AMP_WESTNETZ_MUENSTERLAND_CR_WIND,0.3,grid_area_region,52.1,7.35,Erneuerbar,westnetz muensterland cr wind,westnetz muensterland cr wind,grid_area,none,,,,,,,none,,,,,,,,0.0,none,,,,,,none,,,,,,none,,,,,grid_area,muensterland,,52.1,7.35,3.0,Redispatch_Daten(1).csv
AMP_WESTNETZ_MUENSTERLAND_TEL,0.3,grid_area_region,52.1,7.35,Sonstiges,westnetz muensterland tel,westnetz muensterland tel,grid_area,none,,,,,,,none,,,,,,,,0.0,none,,,,,,none,,,,,,none,,,,,grid_area,muensterland,,52.1,7.35,1.0,Redispatch_Daten(1).csv
AMP_WESTNETZ_NAHE_CR_PHOTOVOLTAIK,0.3,grid_area_region,49.75,7.45,Erneuerbar,westnetz nahe cr photovoltaik,westnetz nahe cr photovoltaik,grid_area,none,,,,,,,none,,,,,,,,0.0,none,,,,,,none,,,,,,none,,,,,grid_area,nahe,,49.75,7.45,1.0,Redispatch_Daten(1).csv
AMP_WESTNETZ_NAHE_CR_WIND,0.3,grid_area_region,49.75,7.45,Erneuerbar,westnetz nahe cr wind,westnetz nahe cr wind,grid_area,none,,,,,,,none,,,,,,,,0.0,none,,,,,,none,,,,,,none,,,,,grid_area,nahe,,49.75,7.45,13.0,Redispatch_Daten(1).csv
AMP_WESTNETZ_NAHE_TEL,0.3,grid_area_region,49.75,7.45,Sonstiges,westnetz nahe tel,westnetz nahe tel,grid_area,none,,,,,,,none,,,,,,,,0.0,none,,,,,,none,,,,,,none,,,,,grid_area,nahe,,49.75,7.45,1.0,Redispatch_Daten(1).csv
AMP_WESTNETZ_NIEDERRHEIN_CR_WIND,0.3,grid_area_region,51.59999999999999,6.449999999999999,Erneuerbar,westnetz niederrhein cr wind,westnetz niederrhein cr wind,grid_area,none,,,,,,,none,,,,,,,,0.0,none,,,,,,none,,,,,,none,,,,,grid_area,niederrhein,,51.59999999999999,6.449999999999999,3.0,Redispatch_Daten(1).csv
AMP_WESTNETZ_NIKE_CR_KONVENTIONELL,0.2,grid_area_dso,51.425,7.66,Sonstiges,westnetz nike cr konventionell,westnetz nike cr konventionell,grid_area,none,,,,,,,none,,,,,,,,0.0,none,,,,,,none,,,,,,none,,,,,grid_area,westnetz->nordrhein-westfalen,,51.425,7.66,2.0,Redispatch_Daten(1).csv
AMP_WESTNETZ_NIKE_CR_PHOTOVOLTAIK,0.2,grid_area_dso,51.425,7.66,Erneuerbar,westnetz nike cr photovoltaik,westnetz nike cr photovoltaik,grid_area,none,,,,,,,none,,,,,,,,0.0,none,,,,,,none,,,,,,none,,,,,grid_area,westnetz->nordrhein-westfalen,,51.425,7.66,2.0,Redispatch_Daten(1).csv
AMP_WESTNETZ_NIKE_CR_SONSTIGE_EE,0.2,grid_area_dso,51.425,7.66,Sonstiges,westnetz nike cr sonstige ee,westnetz nike cr sonstige ee,grid_area,none,,,,,,,none,,,,,,,,0.0,none,,,,,,none,,,,,,none,,,,,grid_area,westnetz->nordrhein-westfalen,,51.425,7.66,2.0,Redispatch_Daten(1).csv
AMP_WESTNETZ_NIKE_CR_WIND,0.2,grid_area_dso,51.425,7.66,Erneuerbar,westnetz nike cr wind,westnetz nike cr wind,grid_area,none,,,,,,,none,,,,,,,,0.0,none,,,,,,none,,,,,,none,,,,,grid_area,westnetz->nordrhein-westfalen,,51.425,7.66,8.0,Redispatch_Daten(1).csv
AMP_WESTNETZ_PLAIDT_CR_WIND,0.45,grid_area_city,50.3926,7.3925,Erneuerbar,westnetz plaidt cr wind,westnetz plaidt cr wind,grid_area,none,,,,,,,none,,,,,,,,0.0,none,,,,,,none,,,,,,none,,,,,grid_area,Plaidt,,50.3926,7.3925,7.0,Redispatch_Daten(1).csv
AMP_WESTNETZ_SAUERLAND_CR_WIND,0.3,grid_area_region,51.1,8.35,Erneuerbar,westnetz sauerland cr wind,westnetz sauerland cr wind,grid_area,none,,,,,,,none,,,,,,,,0.0,none,,,,,,none,,,,,,none,,,,,grid_area,sauerland,,51.1,8.35,3.0,Redispatch_Daten(1).csv
AMP_WESTNETZ_SAUERLAND_TEL,0.3,grid_area_region,51.1,8.35,Sonstiges,westnetz sauerland tel,westnetz sauerland tel,grid_area,none,,,,,,,none,,,,,,,,0.0,none,,,,,,none,,,,,,none,,,,,grid_area,sauerland,,51.1,8.35,1.0,Redispatch_Daten(1).csv
AMP_WESTNETZ_SIEGEN_CR_WIND,0.45,grid_area_city,50.87617999999999,8.021020000000002,Erneuerbar,westnetz siegen cr wind,westnetz siegen cr wind,grid_area,none,,,,,,,none,,,,,,,,0.0,none,,,,,,none,,,,,,none,,,,,grid_area,Siegen,,50.87617999999999,8.021020000000002,3.0,Redispatch_Daten(1).csv
AMP_WESTNETZ_SIERSDORF_CR_WIND,0.2,grid_area_dso,51.425,7.66,Erneuerbar,westnetz siersdorf cr wind,westnetz siersdorf cr wind,grid_area,none,,,,,,,none,,,,,,,,0.0,none,,,,,,none,,,,,,none,,,,,grid_area,westnetz->nordrhein-westfalen,,51.425,7.66,4.0,Redispatch_Daten(1).csv
AMP_WESTNETZ_TRIER_CR_PHOTOVOLTAIK,0.3,grid_area_region,49.75,6.65,Erneuerbar,westnetz trier cr photovoltaik,westnetz trier cr photovoltaik,grid_area,none,,,,,,,none,,,,,,,,0.0,none,,,,,,none,,,,,,none,,,,,grid_area,trier,,49.75,6.65,2.0,Redispatch_Daten(1).csv
AMP_WESTNETZ_TRIER_CR_SONSTIGE_EE,0.3,grid_area_region,49.75,6.65,Sonstiges,westnetz trier cr sonstige ee,westnetz trier cr sonstige ee,grid_area,none,,,,,,,none,,,,,,,,0.0,none,,,,,,none,,,,,,none,,,,,grid_area,trier,,49.75,6.65,2.0,Redispatch_Daten(1).csv
AMP_WESTNETZ_TRIER_CR_WIND,0.3,grid_area_region,49.75,6.65,Erneuerbar,westnetz trier cr wind,westnetz trier cr wind,grid_area,none,,,,,,,none,,,,,,,,0.0,none,,,,,,none,,,,,,none,,,,,grid_area,trier,,49.75,6.65,7.0,Redispatch_Daten(1).csv
AVA Cluster Alfstedt,0.95,psa_exact,53.54581,9.031961,Erneuerbar,alfstedt,alfstedt,cluster,none,,,,,,,exact,1.0,1.0,Wp Alfstedt,53.54581,9.031961,erneuerbar,5.3,1.0,none,,,,,,none,,,,,,none,,,,,none,,,,,24.0,Redispatch_Daten(1).csv
AVA Cluster Algermissen T411,0.5,gazetteer,52.2533,9.9691,Erneuerbar,algermissen t411,algermissen t411,cluster,none,,,,,,,none,,,,,,,,0.0,none,,,,,Solarpark:no_titles,none,,,,,,match,Algermissen,Niedersachsen,52.2533,9.9691,none,,,,,1.0,Redispatch_Daten(1).csv
AVA Cluster Algermissen T412,0.5,gazetteer,52.2533,9.9691,Erneuerbar,algermissen t412,algermissen t412,cluster,none,,,,,,,none,,,,,,,,0.0,none,,,,,Solarpark:no_titles,none,,,,,,match,Algermissen,Niedersachsen,52.2533,9.9691,none,,,,,1.0,Redispatch_Daten(1).csv
AVA Cluster Dollern,0.5,gazetteer,53.5333,9.55,Erneuerbar,dollern,dollern,cluster,none,,,,,,,none,,,,,,,,0.0,none,,,,,Solarpark:no_titles,none,,,,,,match,Dollern,Niedersachsen,53.5333,9.55,none,,,,,11.0,Redispatch_Daten(1).csv
AVA Cluster Elsen,0.727,psa_fuzzy,49.213875,6.827617,Erneuerbar,elsen,elsen,cluster,fuzzy,0.909,0.0,AVA Velsen,49.21387,6.83445,konventionell,fuzzy,0.909,1.0,Solarpark Velsen,49.213875,6.827617,erneuerbar,1.1316,1.0,none,,,,,Solarpark:no_titles,none,,,,,,none,,,,,none,,,,,38.0,Redispatch_Daten(1).csv
AVA Cluster Emden Borssum,0.5,gazetteer,53.3667,7.2167,Erneuerbar,emden borssum,emden borssum,cluster,none,,,,,,,none,,,,,,,,0.0,none,,,,,Solarpark:no_titles,none,,,,,,match,Emden,Niedersachsen,53.3667,7.2167,none,,,,,10.0,Redispatch_Daten(1).csv
AVA Cluster Emden Ost,0.855,psa_exact_dir,53.384675,7.21097,Erneuerbar,emden ost,emden ost,cluster,none,,,,,,,none,,,,,,,,0.0,none,,,,,,none,,,,,,none,,,,,none,,,,,1.0,Redispatch_Daten(1).csv
AVA Cluster Gießen Nord T413 T414,0.5,gazetteer,50.58524,8.67918,Erneuerbar,giessen nord t413 t414,giessen nord t413 t414,cluster,none,,,,,,,none,,,,,,,,0.0,none,,,,,Solarpark:no_titles,none,,,,,,match,Giessen,Hessen,50.58524,8.67918,none,,,,,3.0,Redispatch_Daten(1).csv
AVA Cluster Hannover West,0.855,psa_exact_dir,52.427939,9.656977,Erneuerbar,hannover west,hannover west,cluster,none,,,,,,,none,,,,,,,,0.0,none,,,,,,none,,,,,,none,,,,,none,,,,,1.0,Redispatch_Daten(1).csv
AVA Cluster Helmstedt,0.95,psa_exact,52.208034,10.988918,Erneuerbar,helmstedt,helmstedt,cluster,none,,,,,,,exact,1.0,1.0,Windpark Helmstedt,52.208034,10.988918,erneuerbar,6.2,1.0,none,,,,,,none,,,,,,none,,,,,none,,,,,103.0,Redispatch_Daten(1).csv
AVA Cluster Landesbergen,0.95,psa_exact,52.575945,9.111688,Erneuerbar,landesbergen,landesbergen,cluster,fuzzy,0.889,0.0,Landesbergen Gas,52.54585,9.11363,konventionell,exact,1.0,1.0,Laufwasserkraftwerk Landesbergen,52.575945,9.111688,erneuerbar,8.34,1.0,none,,,,,,none,,,,,,none,,,,,none,,,,,2.0,Redispatch_Daten(1).csv
AVA Cluster Lehrte,0.95,psa_exact,52.350622,10.000304,Erneuerbar,lehrte,lehrte,cluster,none,,,,,,,exact,1.0,1.0,Lehrte,52.350622,10.000304,erneuerbar,2.0,1.0,none,,,,,,none,,,,,,none,,,,,none,,,,,96.0,Redispatch_Daten(1).csv
AVA Cluster Lüneburg T412,0.5,gazetteer,53.2497,10.4148,Erneuerbar,lueneburg t412,lueneburg t412,cluster,none,,,,,,,none,,,,,,,,0.0,none,,,,,Solarpark:no_titles,none,,,,,,match,Lueneburg,Niedersachsen,53.2497,10.4148,none,,,,,15.0,Redispatch_Daten(1).csv
AVA Cluster Lüneburg T413,0.5,gazetteer,53.2497,10.4148,Erneuerbar,lueneburg t413,lueneburg t413,cluster,none,,,,,,,none,,,,,,,,0.0,none,,,,,Solarpark:no_titles,none,,,,,,match,Lueneburg,Niedersachsen,53.2497,10.4148,none,,,,,21.0,Redispatch_Daten(1).csv
AVA Cluster Mehringen,0.753,psa_fuzzy,51.359841,9.153277,Erneuerbar,mehringen,mehringen,cluster,none,,,,,,,fuzzy,0.941,1.0,Ehringen,51.359841,9.153277,erneuerbar,5.5,1.0,none,,,,,Solarpark:no_titles,none,,,,,,match,Mehringen,Sachsen-Anhalt,51.7266,11.5126,none,,,,,2.0,Redispatch_Daten(1).csv
AVA Cluster Ohlensehlen,0.0,unresolved,,,Erneuerbar,ohlensehlen,ohlensehlen,cluster,none,,,,,,,none,,,,,,,,0.0,none,,,,,Solarpark:no_titles,none,,,,,,none,,,,,none,,,,,71.0,Redispatch_Daten(1).csv
AVA Cluster SC Dipperz Großkrotzenburg,0.5,gazetteer,50.5433,9.7959,Erneuerbar,dipperz grosskrotzenburg,dipperz grosskrotzenburg,cluster,none,,,,,,,none,,,,,,,,0.0,none,,,,,Solarpark:no_titles,none,,,,,,match,Dipperz,Hessen,50.5433,9.7959,none,,,,,15.0,Redispatch_Daten(1).csv
AVA Cluster Sottrum T411 T413,0.5,gazetteer,53.1167,9.2333,Erneuerbar,sottrum t411 t413,sottrum t411 t413,cluster,none,,,,,,,none,,,,,,,,0.0,none,,,,,Solarpark:no_titles,none,,,,,,match,Sottrum,Niedersachsen,53.1167,9.2333,none,,,,,67.0,Redispatch_Daten(1).csv
AVA Cluster Sottrum T412,0.5,gazetteer,53.1167,9.2333,Erneuerbar,sottrum t412,sottrum t412,cluster,none,,,,,,,none,,,,,,,,0.0,none,,,,,Solarpark:no_titles,none,,,,,,match,Sottrum,Niedersachsen,53.1167,9.2333,none,,,,,14.0,Redispatch_Daten(1).csv
AVA Cluster Stadorf,0.4,nominatim,52.9919338,10.3956338,Erneuerbar,stadorf,stadorf,cluster,none,,,,,,,none,,,,,,,,0.0,none,,,,,Solarpark:no_titles,none,,,,,,nominatim,Stadorf,Niedersachsen,52.9919338,10.3956338,none,,,,,49.0,Redispatch_Daten(1).csv
AVA Cluster Twistetal,0.95,psa_exact,51.317481,8.988592,Erneuerbar,twistetal,twistetal,cluster,none,,,,,,,exact,1.0,1.0,Twistetal,51.317481,8.988592,erneuerbar,2.3,1.0,none,,,,,,none,,,,,,none,,,,,none,,,,,51.0,Redispatch_Daten(1).csv
AVA Cluster Voslapp,0.4,nominatim,53.5871884,8.102887,Erneuerbar,voslapp,voslapp,cluster,none,,,,,,,none,,,,,,,,0.0,none,,,,,Solarpark:no_titles,none,,,,,,nominatim,Voslapp,Niedersachsen,53.5871884,8.102887,none,,,,,122.0,Redispatch_Daten(1).csv
AVA Cluster Vörden,0.85,wikipedia,51.81916667,9.22944444,Erneuerbar,voerden,voerden,cluster,fuzzy,0.923,0.0,KW Voerde,51.576475,6.689428,konventionell,fuzzy,0.923,1.0,Windpark Vorden,52.452781,8.10445,erneuerbar,3.23,1.0,match,Vörden (Marienmünster),51.81916667,9.22944444,https://de.wikipedia.org/wiki/Vörden_(Marienmünster),Solarpark:accepted,none,,,,,,none,,,,,none,,,,,6.0,Redispatch_Daten(1).csv
AVA Cluster Wechold,0.85,wikipedia,52.846323,9.125198,Erneuerbar,wechold,wechold,cluster,none,,,,,,,none,,,,,,,,0.0,match,Wechold,52.846323,9.125198,https://de.wikipedia.org/wiki/Wechold,Windpark:accepted,none,,,,,,none,,,,,none,,,,,23.0,Redispatch_Daten(1).csv
AVA Cluster Würgassen,0.4,nominatim,51.6445021,9.4071653,Erneuerbar,wuergassen,wuergassen,cluster,none,,,,,,,none,,,,,,,,0.0,rejected,Würgassen,,,,Solarpark:page_missing,rejected,Kernkraftwerk Gundremmingen,,,,Solarpark:page_missing,nominatim,Würgassen,Nordrhein-Westfalen,51.6445021,9.4071653,none,,,,,1.0,Redispatch_Daten(1).csv
Abschaltbare Last (RZ TenneT DE),0.0,skipped_grid_area_market,,,Sonstiges,abschaltbare last,abschaltbare last,grid_area,none,,,,,,,none,,,,,,,,0.0,none,,,,,,none,,,,,,none,,,,,none,,,,,3.0,2025-09-17 Redispatch Export 2013-2020.csv
Ahrensfelde A (KapRes),1.0,opsd_exact,52.58950001,13.5586524,Konventionell,ahrensfelde,ahrensfelde,single,exact,1.0,1.0,Ahrensfelde,52.58950001,13.5586524,konventionell,none,,,,,,,,0.0,none,,,,,,none,,,,,,none,,,,,none,,,,,23.0,2025-09-17 Redispatch Export 2013-2020.csv; Redispatch_Daten(1).csv
Ahrensfelde B (KapRes),1.0,opsd_exact,52.58950001,13.5586524,Konventionell,ahrensfelde,ahrensfelde,single,exact,1.0,1.0,Ahrensfelde,52.58950001,13.5586524,konventionell,none,,,,,,,,0.0,none,,,,,,none,,,,,,none,,,,,none,,,,,24.0,2025-09-17 Redispatch Export 2013-2020.csv; Redispatch_Daten(1).csv
Ahrensfelde C (KapRes),1.0,opsd_exact,52.58950001,13.5586524,Konventionell,ahrensfelde,ahrensfelde,single,exact,1.0,1.0,Ahrensfelde,52.58950001,13.5586524,konventionell,none,,,,,,,,0.0,none,,,,,,none,,,,,,none,,,,,none,,,,,23.0,2025-09-17 Redispatch Export 2013-2020.csv; Redispatch_Daten(1).csv
Ahrensfelde D (KapRes),1.0,opsd_exact,52.58950001,13.5586524,Konventionell,ahrensfelde,ahrensfelde,single,exact,1.0,1.0,Ahrensfelde,52.58950001,13.5586524,konventionell,none,,,,,,,,0.0,none,,,,,,none,,,,,,none,,,,,none,,,,,21.0,2025-09-17 Redispatch Export 2013-2020.csv; Redispatch_Daten(1).csv
Amprion Abruf abschaltbare Lasten,0.0,skipped_grid_area_market,,,Sonstiges,abruf abschaltbare lasten,abruf abschaltbare lasten,grid_area,none,,,,,,,none,,,,,,,,0.0,none,,,,,,none,,,,,,none,,,,,none,,,,,3.0,2025-09-17 Redispatch Export 2013-2020.csv
Amprion NR BK,0.0,skipped_grid_area_market,,,Sonstiges,nr bk,nr bk,grid_area,none,,,,,,,none,,,,,,,,0.0,none,,,,,,none,,,,,,none,,,,,none,,,,,187.0,2025-09-17 Redispatch Export 2013-2020.csv
Audorf,1.0,opsd_exact,54.290672,9.722775,Konventionell,audorf,audorf,single,exact,1.0,1.0,Audorf,54.290672,9.722775,konventionell,exact,1.0,1.0,Gasturbinenkraftwerk Audorf,54.29068,9.72286,konventionell,90.0,1.0,none,,,,,,none,,,,,,none,,,,,none,,,,,27.0,2025-09-17 Redispatch Export 2013-2020.csv; Redispatch_Daten(1).csv
Auslaendische-Netzreserve,0.0,skipped_grid_area_market,,,Sonstiges,auslaendische netzreserve,auslaendische netzreserve,grid_area,none,,,,,,,none,,,,,,,,0.0,none,,,,,,none,,,,,,none,,,,,none,,,,,8.0,2025-09-17 Redispatch Export 2013-2020.csv
BAG NWAK-Cluster 01 Mechlenreuth,0.4,nominatim,50.1718024,11.801791,Erneuerbar,mechlenreuth,mechlenreuth,cluster,none,,,,,,,none,,,,,,,,0.0,none,,,,,Solarpark:no_titles,none,,,,,,nominatim,Mechlenreuth,Bayern,50.1718024,11.801791,none,,,,,11.0,Redispatch_Daten(1).csv
BAG NWAK-Cluster 02 Oberhaid-Redwitz,0.5,gazetteer,49.9325,10.8147,Erneuerbar,oberhaid redwitz,oberhaid redwitz,cluster,none,,,,,,,none,,,,,,,,0.0,none,,,,,Solarpark:no_titles,none,,,,,,match,Oberhaid,Bayern,49.9325,10.8147,none,,,,,19.0,Redispatch_Daten(1).csv
BAG NWAK-Cluster 03 Bergrheinfeld-Schweinfurt,0.5,gazetteer,50.0103,10.1809,Erneuerbar,bergrheinfeld schweinfurt,bergrheinfeld schweinfurt,cluster,none,,,,,,,none,,,,,,,,0.0,none,,,,,Solarpark:no_titles,none,,,,,,match,Bergrheinfeld,Bayern,50.0103,10.1809,none,,,,,41.0,Redispatch_Daten(1).csv
BAG NWAK-Cluster 04 Aschaffenburg,0.55,opsd_city,49.988218,9.155761,Erneuerbar,aschaffenburg,aschaffenburg,cluster,city,1.0,,Blockheizkraftwerk 1,49.988218,9.155761,,none,,,,,,,,0.0,none,,,,,Solarpark:no_titles,none,,,,,,match,Aschaffenburg,Bayern,49.97186666666666,9.147966666666667,none,,,,,33.0,Redispatch_Daten(1).csv
BAG NWAK-Cluster 05 Kriegenbrunn-Ludersheim,0.4,nominatim,49.556437,10.9542353,Erneuerbar,kriegenbrunn ludersheim,kriegenbrunn ludersheim,cluster,none,,,,,,,none,,,,,,,,0.0,none,,,,,Solarpark:no_titles,none,,,,,,nominatim,Kriegenbrunn Ludersheim,Bayern,49.556437,10.9542353,none,,,,,13.0,Redispatch_Daten(1).csv
BAG NWAK-Cluster 06 Raitersaich,0.4,nominatim,49.3729799,10.8446391,Erneuerbar,raitersaich,raitersaich,cluster,none,,,,,,,none,,,,,,,,0.0,none,,,,,Solarpark:no_titles,none,,,,,,nominatim,Raitersaich,Bayern,49.3729799,10.8446391,none,,,,,2.0,Redispatch_Daten(1).csv
BAG NWAK-Cluster 08 Neufinsing,0.4,nominatim,48.2210641,11.8042527,Erneuerbar,neufinsing,neufinsing,cluster,none,,,,,,,none,,,,,,,,0.0,none,,,,,Solarpark:no_titles,none,,,,,,nominatim,Neufinsing,Bayern,48.2210641,11.8042527,none,,,,,2.0,Redispatch_Daten(1).csv
BAG NWAK-Cluster 09 Marienberg,0.72,psa_fuzzy,51.383375,8.816508,Erneuerbar,marienberg,marienberg,cluster,none,,,,,,,fuzzy,0.9,1.0,Wp Martenberg,51.383375,8.816508,erneuerbar,2.3,1.0,none,,,,,Solarpark:no_titles,none,,,,,,match,Marienberg,Sachsen,50.6132,13.1883,none,,,,,4.0,Redispatch_Daten(1).csv
BAG NWAK-Cluster 10 Oberbachern,0.4,nominatim,48.2820287,11.3686997,Erneuerbar,oberbachern,oberbachern,cluster,none,,,,,,,none,,,,,,,,0.0,none,,,,,Solarpark:no_titles,none,,,,,,nominatim,Oberbachern,Bayern,48.2820287,11.3686997,none,,,,,1.0,Redispatch_Daten(1).csv
BAG NWAK-Cluster 12 Pirach-Simbach,0.5,gazetteer,48.5661,12.7389,Erneuerbar,pirach simbach,pirach simbach,cluster,none,,,,,,,none,,,,,,,,0.0,none,,,,,Solarpark:no_titles,none,,,,,,match,Simbach,Bayern,48.5661,12.7389,none,,,,,31.0,Redispatch_Daten(1).csv
BAG NWAK-Cluster 13 Etzenricht,0.5,gazetteer,49.6333,12.1,Erneuerbar,etzenricht,etzenricht,cluster,none,,,,,,,none,,,,,,,,0.0,none,,,,,Solarpark:no_titles,none,,,,,,match,Etzenricht,Bayern,49.6333,12.1,none,,,,,14.0,Redispatch_Daten(1).csv
BAG NWAK-Cluster 14 Schwandorf,0.85,wikipedia,49.32833333,12.11,Erneuerbar,schwandorf,schwandorf,cluster,exact,1.0,0.0,Müllkraftwerk Schwandorf,49.30998,12.08795,konventionell,none,,,,,,,,0.0,match,Schwandorf,49.32833333,12.11,https://de.wikipedia.org/wiki/Schwandorf,Windpark:accepted,none,,,,,,match,Schwandorf,Bayern,49.3236,12.0993,none,,,,,29.0,Redispatch_Daten(1).csv
BAG NWAK-Cluster 15 Pleinting,0.85,wikipedia,48.658598,13.119736,Erneuerbar,pleinting,pleinting,cluster,none,,,,,,,none,,,,,,,,0.0,match,Pleinting,48.658598,13.119736,https://de.wikipedia.org/wiki/Pleinting,Windpark:accepted,none,,,,,,none,,,,,none,,,,,123.0,Redispatch_Daten(1).csv
BAG NWAK-Cluster 16 Regensburg-Sittling,0.5,gazetteer,49.01781428571429,12.09888571428571,Erneuerbar,regensburg sittling,regensburg sittling,cluster,none,,,,,,,none,,,,,,,,0.0,none,,,,,Solarpark:no_titles,none,,,,,,match,Regensburg,Bayern,49.01781428571429,12.09888571428571,none,,,,,64.0,Redispatch_Daten(1).csv
